"metric","value"
"FDR",0.95561319368487
"FPR",0.152561681772407
"TPR",0.998214285714286
"SSP",0.975
"Mean selected cardinality",316.9625
