"metric","value"
"FDR",0.955635036908544
"FPR",0.15237915407855
"TPR",0.996428571428571
"SSP",0.95
"Mean selected cardinality",316.575
